Name_1,HaKiDaSName,RA_1,DEC_1,GaiaID,phot_g_mean_mag,phot_bp_mean_mag,phot_rp_mean_mag,Vmag,Kmag_x,Name_2,Teff,logg,RefstarID,[Fe/H],[Fe/H]error,rv_HDS
BD+292356,HaKiDaS00081,195.468775,29.190028,1464266230811360256,11.071903,11.564366999999999,10.450362,11.290999999999999,9.049,BD+292356,4827.20965952,1.62024668563,0,-1.6720946282,0.050271639668300006,12.6756158391
G53-41,HaKiDaS00092,156.850217,1.402303,3855475490307708032,10.865032000000001,11.152816,10.434194999999999,11.099,9.595,G53-41,5906.76414844,4.34234420731,0,-1.3605157325400001,0.0709494395528,4.0645926369
